[{"@type":"mappingTemplate","id":"@1","name":"CLDDI-32531","description":"","bundleVersion":"0","templateId":"@3","deployTime":1714379740000,"hasParameters":false,"valid":true,"fixedConnection":true,"hasParametersDeployed":false,"fixedConnectionDeployed":true,"isSchemaValidationEnabled":false,"tasks":0,"mappingPreviewFileRecordId":"@2","documentType":"MAPPING","references":[{"@type":"reference","refObjectId":"@aC1D2XveTF2hIRMoATCrMd","refType":"connection"},{"@type":"reference","refObjectId":"@fKoiqj8TsSWgvc0XjBFUmd","refType":"connection"},{"@type":"reference","refObjectId":"@gCmrEUi3x0Ab5HeMI9qOQk","refType":"connection"}]}]